DISCIPLINA;ÁREA DO CONHECIMENTO;
Ética, Ciência e Profissão;Psicologia e Desenvolvimento Pessoal;
Ética Profissional e Compliance;Direito;
Ética e Serviço Social;Saúde e Bem-Estar Social;
Ética e Responsabilidade Socioambiental;Administração e Negócios;
Voleibol;Saúde e Bem-Estar Social;
Vigilância Epidemiológica;Saúde e Bem-Estar Social;
Tópicos Especiais em Radiologia;Saúde e Bem-Estar Social;
Tópicos especiais em farmácia;Saúde e Bem-Estar Social;
Tópicos Especiais de Engenharia Elétrica;Engenharia, Produção e Construção;
Tópicos Especiais de Engenharia Civil;Engenharia, Produção e Construção;
Tópicos Emergentes em Psicologia III;Psicologia e Desenvolvimento Pessoal;
Tópicos Emergentes em Psicologia II;Psicologia e Desenvolvimento Pessoal;
Tópicos Emergentes em Psicologia I;Psicologia e Desenvolvimento Pessoal;
Tópicos em Sistemas de Informação;Matemática, Computação e Tecnologias de Informação e Comunicacão;
Tópicos em Saúde e Biossegurança;Saúde e Bem-Estar Social;
Tópicos em Gestão Financeira;Administração e Negócios;
Tópicos Educacionais- Sexualidade e Diversidade de Gêneros;Educação;
Tópicos Educacionais- História e Cultura Africana e Indígena;Educação;
Tópicos de Serviço Social;Saúde e Bem-Estar Social;
Tópicos de Matemática;Matemática, Computação e Tecnologias de Informação e Comunicacão;
Tópicos de Marketing;Administração e Negócios;
Tópicos de Logística e de Transporte;Administração e Negócios;
Tópicos de Direito;Direito;
Tópicos da Radiologia;Saúde e Bem-Estar Social;
Tópicos Avançados em Recursos Humanos;Administração e Negócios;
Tópicos Avançados em Psicologia;Psicologia e Desenvolvimento Pessoal;
Tópicos Avançados em Marketing;Administração e Negócios;
Tópicos Avançados em Logística;Administração e Negócios;
Tópicos Avançados em Gestão da TI;Administração e Negócios;
Tópicos Avançados em Finanças;Administração e Negócios;
Tópicos Avançados em Engenharia de Manutenção;Engenharia, Produção e Construção;
Tópicos Avançados em Enfermagem;Saúde e Bem-Estar Social;
Tópicos Avançados em Educação Física;Saúde e Bem-Estar Social;
Tópicos Avançados em Direito;Direito;
Tópicos Avançados em Ciências Contábeis;Administração e Negócios;
Tópicos Avançados em Biomedicina;Saúde e Bem-Estar Social;
Tópicos Avançados em Arquitetura e Urbanismo;Engenharia, Produção e Construção;
Tópicos Avançados em Análise e Desenvolvimento de Sistemas;Matemática, Computação e Tecnologias de Informação e Comunicacão;
Tópicos Avançados em Administração;Administração e Negócios;
Tópicos Avançados de Engenharia de Produção;Engenharia, Produção e Construção;
Tópicos Avançados de Engenharia de Computação;Matemática, Computação e Tecnologias de Informação e Comunicacão;
Tópicos Avançados de Administração;Administração e Negócios;
Tópicos Avançados Aplicados à Pedagogia;Educação;
Tópicos aplicados à Educação Física;Saúde e Bem-Estar Social;
Técnicas do Exame Psicológico;Psicologia e Desenvolvimento Pessoal;
Técnicas de Observação Psicológica;Psicologia e Desenvolvimento Pessoal;
Técnicas de Construção Civil e Legislação das Construções;Engenharia, Produção e Construção;
Técnicas de Construção Civil;Engenharia, Produção e Construção;
Tutela Provisória e Recursos Cíveis;Direito;
Tutela do Direito do Trabalho e Previdenciário;Direito;
Treinamento Personalizado;Saúde e Bem-Estar Social;
Treinamento e Desenvolvimento Profissional;Administração e Negócios;
Transmissão e Distribuição de Energia;Engenharia, Produção e Construção;
Trabalho Final de Graduação;Engenharia, Produção e Construção;
Trabalho e Sociabilidade;Ciências Sociais, Jornalismo e Informação;
Trabalho de Curso III;Direito;
Trabalho de Curso II;Direito;
Trabalho de Curso I;Direito;
Trabalho de conclusão de curso II em Psicologia;Psicologia e Desenvolvimento Pessoal;
Trabalho de Conclusão de Curso II - Biomedicina;Saúde e Bem-Estar Social;
Trabalho de Conclusão de Curso II;Administração e Negócios;
Trabalho de Conclusão de Curso II;Administração e Negócios;
Trabalho de Conclusão de Curso II;Engenharia, Produção e Construção;
Trabalho de Conclusão de Curso II;Engenharia, Produção e Construção;
Trabalho de Conclusão de Curso II;Engenharia, Produção e Construção;
Trabalho de Conclusão de Curso II;Matemática, Computação e Tecnologias de Informação e Comunicacão;
Trabalho de Conclusão de Curso II;Saúde e Bem-Estar Social;
Trabalho de Conclusão de Curso II;Saúde e Bem-Estar Social;
Trabalho de Conclusão de Curso II;Saúde e Bem-Estar Social;
Trabalho de Conclusão de Curso II;Saúde e Bem-Estar Social;
Trabalho de Conclusão de Curso II;Saúde e Bem-Estar Social;
Trabalho de Conclusão de Curso II;Educação;
Trabalho de conclusão de curso I em Psicologia;Psicologia e Desenvolvimento Pessoal;
Trabalho de Conclusão de Curso I - Biomedicina;Saúde e Bem-Estar Social;
Trabalho de Conclusão de Curso I;Administração e Negócios;
Trabalho de Conclusão de Curso I;Administração e Negócios;
Trabalho de Conclusão de Curso I;Engenharia, Produção e Construção;
Trabalho de Conclusão de Curso I;Engenharia, Produção e Construção;
Trabalho de Conclusão de Curso I;Engenharia, Produção e Construção;
Trabalho de Conclusão de Curso I;Matemática, Computação e Tecnologias de Informação e Comunicacão;
Trabalho de Conclusão de Curso I;Saúde e Bem-Estar Social;
Trabalho de Conclusão de Curso I;Saúde e Bem-Estar Social;
Trabalho de Conclusão de Curso I;Saúde e Bem-Estar Social;
Trabalho de Conclusão de Curso I;Saúde e Bem-Estar Social;
Trabalho de Conclusão de Curso I;Saúde e Bem-Estar Social;
Trabalho de Conclusão de Curso I;Educação;
Toxicologia e Análises Toxicológicas;Saúde e Bem-Estar Social;
Topografia;Engenharia, Produção e Construção;
TI na Gestão de Negócios e Comércio Eletrônico;Administração e Negócios;
Termodinâmica;Ciências Naturais;
Teorias e Técnicas Psicoterápicas Psicodinâmicas;Psicologia e Desenvolvimento Pessoal;
Teorias da Educação e Currículo;Educação;
Teorias da Administração;Administração e Negócios;
Teoria Política;Ciências Sociais, Jornalismo e Informação;
Teoria Geral do Processo;Direito;
Teoria Geral do Crime;Direito;
Teoria Geral das Obrigações;Direito;
Teoria Econômica;Ciências Sociais, Jornalismo e Informação;
Teoria do Urbanismo;Engenharia, Produção e Construção;
Teoria das Estruturas;Engenharia, Produção e Construção;
Teoria da Empresa;Administração e Negócios;
Teoria da Contabilidade;Administração e Negócios;
Teoria da Constituição;Direito;
Tendências Contemporâneas do Serviço Social III;Saúde e Bem-Estar Social;
Tendências Contemporâneas do Serviço Social II;Saúde e Bem-Estar Social;
Tendências Contemporâneas do Serviço Social I;Saúde e Bem-Estar Social;
Tecnologias Web;Matemática, Computação e Tecnologias de Informação e Comunicacão;
Tecnologias da Informação e Comunicação Educacionais;Matemática, Computação e Tecnologias de Informação e Comunicacão;
Tecnologia em Tomografia Computadorizada;Saúde e Bem-Estar Social;
Tecnologia em Ressonância Magnética;Saúde e Bem-Estar Social;
Tecnologia em Medicina Nuclear;Saúde e Bem-Estar Social;
Tecnologia em Hemodinâmica e Radiologia Digital;Saúde e Bem-Estar Social;
Tecnologia dos Materiais Elétricos;Engenharia, Produção e Construção;
Tecnologia da Imagem – Crânio, Coluna Vertebral e Tronco;Saúde e Bem-Estar Social;
Tecnologia da imagem – Contrastados;Saúde e Bem-Estar Social;
Tecnologia da Imagem - Membros Superiores e Inferiores;Saúde e Bem-Estar Social;
Supervisão Acadêmica III;Saúde e Bem-Estar Social;
Supervisão Acadêmica II;Saúde e Bem-Estar Social;
Supervisão Acadêmica I;Saúde e Bem-Estar Social;
Sociedades Empresariais;Administração e Negócios;
Sistemas Operacionais;Matemática, Computação e Tecnologias de Informação e Comunicacão;
Sistemas Elétricos de Potência;Engenharia, Produção e Construção;
Sistemas Digitais Programáveis;Engenharia, Produção e Construção;
Sistemas de Informação, Marketing Digital e Inteligência de Mercado;Administração e Negócios;
Sistemas de Informação Gerencial;Administração e Negócios;
Sistemas de Informação;Administração e Negócios;
Sistemas Computacionais em Radiologia;Saúde e Bem-Estar Social;
Sistemas Computacionais Distribuídos;Matemática, Computação e Tecnologias de Informação e Comunicacão;
Sinais e Sistemas;Engenharia, Produção e Construção;
Serviço Social, Raça e Etnia;Saúde e Bem-Estar Social;
Serviço Social, Gênero e Diversidade Sexual;Saúde e Bem-Estar Social;
Serviço Social, Classes e Movimentos Sociais;Saúde e Bem-Estar Social;
Serviço Social e Saúde;Saúde e Bem-Estar Social;
Serviço Social e Processo de Envelhecimento;Saúde e Bem-Estar Social;
Serviço Social e Habitação;Saúde e Bem-Estar Social;
Serviço Social e Assistência Social;Saúde e Bem-Estar Social;
Serviço Social , Famílias, Crianças e Adolescentes;Saúde e Bem-Estar Social;
Seminários Temáticos em Psicologia II;Psicologia e Desenvolvimento Pessoal;
Seminários Temáticos em Psicologia I;Psicologia e Desenvolvimento Pessoal;
Seminários Temáticos da Ênfase II - Psicologia;Psicologia e Desenvolvimento Pessoal;
Seminários Temáticos da Ênfase I - Psicologia;Psicologia e Desenvolvimento Pessoal;
Seguridade Social no Brasil;Ciências Sociais, Jornalismo e Informação;
Segurança da Informação;Matemática, Computação e Tecnologias de Informação e Comunicacão;
Saúde, Segurança e Qualidade de Vida no Trabalho;Administração e Negócios;
Saúde Pública e Epidemiologia;Saúde e Bem-Estar Social;
Retórica do Discurso;Direito;
Resistência dos Materiais;Engenharia, Produção e Construção;
Reprodução Assistida;Saúde e Bem-Estar Social;
Redes de Computadores e Internet;Matemática, Computação e Tecnologias de Informação e Comunicacão;
Recurso e Execução Penal;Direito;
Radioterapia;Saúde e Bem-Estar Social;
Radioproteção;Saúde e Bem-Estar Social;
Radiologia Odontológica e Veterinária;Saúde e Bem-Estar Social;
Radiologia Industrial;Engenharia, Produção e Construção;
Química orgânica experimental;Ciências Naturais;
Química Orgânica;Ciências Naturais;
Química Geral e Inorgânica;Ciências Naturais;
Química Geral e Experimental;Ciências Naturais;
Química Farmacêutica e planejamento de fármacos;Saúde e Bem-Estar Social;
Química Farmacêutica;Saúde e Bem-Estar Social;
Química analítica quantitativa;Ciências Naturais;
Química analítica qualitativa;Ciências Naturais;
Questão Social e Serviço Social;Saúde e Bem-Estar Social;
Qualidade de Software;Matemática, Computação e Tecnologias de Informação e Comunicacão;
Publicidade, Propaganda e Promoção;Administração e Negócios;
Psicossomática;Psicologia e Desenvolvimento Pessoal;
Psicopatologia da Infância e da Adolescência e Psicoterapia Comportamental;Psicologia e Desenvolvimento Pessoal;
Psicomotricidade;Psicologia e Desenvolvimento Pessoal;
Psicologia Social;Psicologia e Desenvolvimento Pessoal;
Psicologia Jurídica e Processos Grupais;Psicologia e Desenvolvimento Pessoal;
Psicologia Hospitalar;Psicologia e Desenvolvimento Pessoal;
Psicologia Geral: Processos Psicológicos;Psicologia e Desenvolvimento Pessoal;
Psicologia e Comportamento Organizacional;Psicologia e Desenvolvimento Pessoal;
Psicologia do Trabalho;Psicologia e Desenvolvimento Pessoal;
Psicologia do Desenvolvimento: Vida Adulta e Velhice;Psicologia e Desenvolvimento Pessoal;
Psicologia do Desenvolvimento: Infância;Psicologia e Desenvolvimento Pessoal;
Psicologia do Desenvolvimento: Adolescência;Psicologia e Desenvolvimento Pessoal;
Psicologia do Desenvolvimento e da Aprendizagem;Psicologia e Desenvolvimento Pessoal;
Psicologia da Educação;Psicologia e Desenvolvimento Pessoal;
Psicologia Comportamental;Psicologia e Desenvolvimento Pessoal;
Psicologia;Psicologia e Desenvolvimento Pessoal;
Psicodiagnóstico e atendimento psicológico de crianças e adolescentes- Ênfase PPS;Psicologia e Desenvolvimento Pessoal;
Psicodiagnóstico e Atendimento Psicológico de Crianças e Adolescentes- Enfase PPE;Psicologia e Desenvolvimento Pessoal;
Psicanálise: Primeira e Segunda Tópica;Psicologia e Desenvolvimento Pessoal;
Psicanálise Desdobramentos da Teoria Freudiana;Psicologia e Desenvolvimento Pessoal;
Psicanálise Contemporânea;Psicologia e Desenvolvimento Pessoal;
Práticas Pedagógicas:Tecnologias;Educação;
Práticas Pedagógicas: Responsabilidade Socioambiental;Educação;
Práticas Pedagógicas: Inclusão;Educação;
Práticas Pedagógicas: Globalização;Educação;
Práticas Pedagógicas: Diversidade;Educação;
Práticas Educativas e inclusivas;Educação;
Práticas e Técnicas de Admissão, Recrutamento e Seleção;Administração e Negócios;
Práticas Biomédicas em Estética;Saúde e Bem-Estar Social;
Prática de Direito Público;Direito;
Prática de Direito Privado;Direito;
Prática Contábil Fiscal;Administração e Negócios;
Provas e Procedimentos Penais;Direito;
Projetos Elétricos Prediais;Engenharia, Produção e Construção;
Projetos de Instalações Hidráulicas e Saneamento;Engenharia, Produção e Construção;
Projeto Luminotécnico;Engenharia, Produção e Construção;
Projeto Integrador: Serviço Social, Famílias, Crianças e Adolescentes;Saúde e Bem-Estar Social;
Projeto Integrador Orientado: – Serviço Social e Habitação;Saúde e Bem-Estar Social;
Projeto Integrador Orientado: Workshop em Recursos Humanos;Administração e Negócios;
Projeto Integrador Orientado: Técnicas de Pesquisa de Mercado e Perfis;Administração e Negócios;
Projeto Integrador Orientado: Técnicas de Pesquisa de Mercado e Logística;Administração e Negócios;
Projeto Integrador Orientado: Técnicas de pesquisa de mercado e investimento;Administração e Negócios;
Projeto Integrador Orientado: Tribunal do Júri;Direito;
Projeto Integrador Orientado: Teoria e Clínica da Abordagem Fenomenológica e Humanista;Psicologia e Desenvolvimento Pessoal;
Projeto Integrador Orientado: Tecnologias;Saúde e Bem-Estar Social;
Projeto Integrador Orientado: Símbolos do Direito;Direito;
Projeto Integrador Orientado: Startup em saúde;Saúde e Bem-Estar Social;
Projeto Integrador Orientado: Serviço Social, Raça e Etnia;Saúde e Bem-Estar Social;
Projeto Integrador Orientado: Serviço Social, Classes e Movimentos Sociais;Saúde e Bem-Estar Social;
Projeto Integrador Orientado: Serviço Social e Assistência Social;Saúde e Bem-Estar Social;
Projeto Integrador Orientado: Reforma Psiquiátrica - A problemática da Loucura na Sociedade Contemporânea;Saúde e Bem-Estar Social;
Projeto Integrador Orientado: Raciocínio Clínico;Saúde e Bem-Estar Social;
Projeto Integrador Orientado: Psicologia, Ciência e Profissão;Psicologia e Desenvolvimento Pessoal;
Projeto Integrador Orientado: Projeto de sustentabilidade empresarial;Administração e Negócios;
Projeto Integrador Orientado: Princípios e Aplicação do Desenvolvimento Socioemocional no Sujeito;Psicologia e Desenvolvimento Pessoal;
Projeto Integrador Orientado: Políticas Públicas de Saúde;Saúde e Bem-Estar Social;
Projeto Integrador Orientado: Metodologia da Pesquisa Científica;Administração e Negócios;
Projeto integrador orientado: Intervenções Sociais e em Políticas Públicas do Profissional da Psicologia;Psicologia e Desenvolvimento Pessoal;
Projeto integrador orientado: Inovações em saúde;Saúde e Bem-Estar Social;
Projeto Integrador Orientado: Inovações biomédicas;Saúde e Bem-Estar Social;
Projeto Integrador Orientado: Infraestrustura de TI;Matemática, Computação e Tecnologias de Informação e Comunicacão;
Projeto Integrador Orientado: Globalização;Administração e Negócios;
Projeto Integrador Orientado: Gestão da Qualidade;Administração e Negócios;
Projeto Integrador Orientado: Empreendedorismo Digital e Novos Negócios;Administração e Negócios;
Projeto Integrador Orientado: Doenças infectocontagiosas;Saúde e Bem-Estar Social;
Projeto Integrador Orientado: Doenças crônicas não transmissíveis;Saúde e Bem-Estar Social;
Projeto Integrador Orientado: Diversidade;Saúde e Bem-Estar Social;
Projeto Integrador Orientado: Desenvolvimento Lógico;Matemática, Computação e Tecnologias de Informação e Comunicacão;
Projeto Integrador Orientado: Cálculo de Medicação;Saúde e Bem-Estar Social;
Projeto Integrador Orientado: Cultura e Contemporaneidade;Administração e Negócios;
Projeto Integrador Orientado: Contrato Social;Direito;
Projeto Integrador Orientado: Comunicação e Expressão;Direito;
Projeto Integrador Orientado: Bioética;Saúde e Bem-Estar Social;
Projeto Integrador Orientado: Biodireito;Saúde e Bem-Estar Social;
Projeto Integrador Orientado: Aspectos Psicopatológicos da Formação do Sujeito;Psicologia e Desenvolvimento Pessoal;
Projeto Integrador Orientado: Aplicações Web Front-end;Matemática, Computação e Tecnologias de Informação e Comunicacão;
Projeto Integrador Orientado: Aplicações Web Back-end;Matemática, Computação e Tecnologias de Informação e Comunicacão;
Projeto Integrador Orientado: Aplicações Mobile;Matemática, Computação e Tecnologias de Informação e Comunicacão;
Projeto Integrador Orientado- Serviço Social e Saúde;Saúde e Bem-Estar Social;
Projeto Integrador Orientado- Design de Produto;Engenharia, Produção e Construção;
Projeto Integrador Orientado - Design de Mobiliário;Engenharia, Produção e Construção;
Projeto Integrador - Sustentabilidade na Engenharia;Engenharia, Produção e Construção;
Projeto Integrador - Projetos Elétricos;Engenharia, Produção e Construção;
Projeto Integrador - Projetos e Protótipos em 2D e 3D;Engenharia, Produção e Construção;
Projeto Integrador - Projeto em Engenharia de Produção II;Engenharia, Produção e Construção;
Projeto Integrador - Projeto em Engenharia de Produção I;Engenharia, Produção e Construção;
Projeto Integrador - Projeto em Engenharia de Computação II;Matemática, Computação e Tecnologias de Informação e Comunicacão;
Projeto Integrador - Projeto em Engenharia de Computação I;Matemática, Computação e Tecnologias de Informação e Comunicacão;
Projeto Integrador - Projeto de Engenharia Elétrica II;Engenharia, Produção e Construção;
Projeto Integrador - Projeto de Engenharia Elétrica I;Engenharia, Produção e Construção;
Projeto Integrador - A Química na Engenharia;Engenharia, Produção e Construção;
Projeto e Desenvolvimento de Produtos;Engenharia, Produção e Construção;
Projeto de Urbanismo;Engenharia, Produção e Construção;
Projeto de Instalações Elétricas;Engenharia, Produção e Construção;
Projeto de Fábrica;Engenharia, Produção e Construção;
Projeto de Arquitetura e Urbanismo - Conjunto;Engenharia, Produção e Construção;
Projeto de Arquitetura e Urbanismo - Complexo;Engenharia, Produção e Construção;
Projeto de Arquitetura - Módulo;Engenharia, Produção e Construção;
Projeto de Arquitetura - Equipamento;Engenharia, Produção e Construção;
Projeto de Arquitetura - Edifício;Engenharia, Produção e Construção;
Projeto de Arquitetura - Edificação;Engenharia, Produção e Construção;
Projeto de Arquitetura - Complexo;Engenharia, Produção e Construção;
Programação Web;Matemática, Computação e Tecnologias de Informação e Comunicacão;
Programação para Dispositivos Móveis II;Matemática, Computação e Tecnologias de Informação e Comunicacão;
Programação para Dispositivos Móveis I;Matemática, Computação e Tecnologias de Informação e Comunicacão;
Programação Orientada a Objetos;Matemática, Computação e Tecnologias de Informação e Comunicacão;
Programação Java para Web;Matemática, Computação e Tecnologias de Informação e Comunicacão;
Programação de Dispositivos Móveis;Matemática, Computação e Tecnologias de Informação e Comunicacão;
Processos Patológicos Gerais;Saúde e Bem-Estar Social;
Processo do Exame Fisico em Enfermagem;Saúde e Bem-Estar Social;
Processo do Ciclo Reprodutivo e Puerperal;Saúde e Bem-Estar Social;
Processo de Sistematização da Assitência de Enfermagem;Saúde e Bem-Estar Social;
Processo de Conhecimento;Direito;
Processo das Doenças Imunopreveníveis e o Programa de Imunização;Saúde e Bem-Estar Social;
Processo Avançado de Técnicas em Enfermagem;Saúde e Bem-Estar Social;
Processamento de Imagens e Visão Computacional;Matemática, Computação e Tecnologias de Informação e Comunicacão;
Primeiros Socorros;Saúde e Bem-Estar Social;
Prevenção e Qualidade de Vida;Saúde e Bem-Estar Social;
Portos, Aeroportos e Ferrovias;Engenharia, Produção e Construção;
Políticas Públicas em Saúde- Ênfase em PPE;Saúde e Bem-Estar Social;
Políticas Públicas em Educação- Ênfase PPE;Educação;
Políticas de Atenção a Saúde da Mulher e do Homem;Saúde e Bem-Estar Social;
Política Social;Ciências Sociais, Jornalismo e Informação;
Politicas Públicas de Saúde e Redes de Ações à Saúde;Saúde e Bem-Estar Social;
Plástica;Engenharia, Produção e Construção;
Planejamento, Organização e Gestão em Serviços de Saúde;Saúde e Bem-Estar Social;
Planejamento Urbano e Regional;Engenharia, Produção e Construção;
Planejamento Estratégico e Empresarial;Administração e Negócios;
Planejamento Estratégico e Avaliação Financeira de Empresas;Administração e Negócios;
Planejamento Estratégico de RH e Cálculos Trabalhistas;Administração e Negócios;
Planejamento e Projeto Político Pedagógico;Educação;
Planejamento e Gestão em Serviço Social;Saúde e Bem-Estar Social;
Planejamento e Controle da Produção;Engenharia, Produção e Construção;
Planejamento de farmácos;Saúde e Bem-Estar Social;
Pessoas e Bens;Direito;
Pesquisa Operacional;Matemática, Computação e Tecnologias de Informação e Comunicacão;
Pesquisa em Serviço Social;Saúde e Bem-Estar Social;
Perícia Contábil, Mediação e Arbitragem;Administração e Negócios;
Pavimentação;Engenharia, Produção e Construção;
Patologia Aplicada;Saúde e Bem-Estar Social;
Paisagem Urbana;Engenharia, Produção e Construção;
Padrões de Projeto de Software;Matemática, Computação e Tecnologias de Informação e Comunicacão;
Orçamento e Finanças Públicas;Administração e Negócios;
Organização e Arquitetura de Computadores;Matemática, Computação e Tecnologias de Informação e Comunicacão;
Organização do Estado;Ciências Sociais, Jornalismo e Informação;
Organização de Eventos;Serviços;
Organização da Administração Pública;Administração e Negócios;
Operações Logísticas;Administração e Negócios;
Obras de Terra;Engenharia, Produção e Construção;
Nutrição;Saúde e Bem-Estar Social;
Noções de Contabilidade;Administração e Negócios;
Neuroanatomia e Neuropsicologia;#N/A;
Natação;Saúde e Bem-Estar Social;
Musculação;Saúde e Bem-Estar Social;
Modelagem e Simulação de Sistemas de Produção;Engenharia, Produção e Construção;
Microcontroladores e Sistemas Embarcados;Engenharia, Produção e Construção;
Microbiologia e Parasitologia básica;Saúde e Bem-Estar Social;
Metrologia;Engenharia, Produção e Construção;
Metodologia do Treinamento Esportivo;Saúde e Bem-Estar Social;
Metodologia da Pesquisa Científica;Ciências Sociais, Jornalismo e Informação;
Melhores Práticas em TI;Matemática, Computação e Tecnologias de Informação e Comunicacão;
Meios de Contraste em Radiologia;Saúde e Bem-Estar Social;
Medicina Nuclear e Diagnóstico por Imagem;Saúde e Bem-Estar Social;
Mediação, Conciliação e Arbitragem;Direito;
Mecânica dos Sólidos;Engenharia, Produção e Construção;
Mecânica dos Solos, das Rochas e Elem. de Geologia;Engenharia, Produção e Construção;
Materiais de Construção Civil;Engenharia, Produção e Construção;
Matemática Financeira;Administração e Negócios;
Matemática;Matemática, Computação e Tecnologias de Informação e Comunicacão;
Marketing de Serviços e Relacionamento;Administração e Negócios;
Mamografia;Saúde e Bem-Estar Social;
Língua Inglesa Aplicada;Humanidades, Artes e Linguagens;
Lutas;Saúde e Bem-Estar Social;
Logística e Economia de transportes;Administração e Negócios;
Logística e Distribuição Física;Administração e Negócios;
Literatura Infanto Juvenil;Humanidades, Artes e Linguagens;
Linhas de Transmissão;Engenharia, Produção e Construção;
Liderança e Gestão Estratégica de Pessoas;Administração e Negócios;
LIBRAS;Humanidades, Artes e Linguagens;
Leitura e Produção Textual;Humanidades, Artes e Linguagens;
Legislação Trabalhista e Previdenciária;Direito;
Legislação Profissional;Direito;
Legislação Penal Especial;Direito;
Laboratório e Sistemas de Informação Contábil;Administração e Negócios;
Jogos e Brincadeiras;Educação;
Jogos de Empresas;Administração e Negócios;
Investigação Penal e Ritos Processuais;Direito;
Introdução à Robótica;Engenharia, Produção e Construção;
Introdução ao Estudo do Direito;Direito;
Interfaces da Atuação do Pedagogo;Educação;
Inteligência Artificial;Matemática, Computação e Tecnologias de Informação e Comunicacão;
Inovações Farmacêuticas;Saúde e Bem-Estar Social;
Inovações Biomédicas;Saúde e Bem-Estar Social;
Inovação Tecnológica;Matemática, Computação e Tecnologias de Informação e Comunicacão;
Inovação e Gestão em Diagnósticos por Imagem;Saúde e Bem-Estar Social;
Iniciação ao Processo de Cuidar;Saúde e Bem-Estar Social;
Informática;Matemática, Computação e Tecnologias de Informação e Comunicacão;
Imunologia Básica;Saúde e Bem-Estar Social;
Homeopatia;Saúde e Bem-Estar Social;
Homem e Sociedade;Ciências Sociais, Jornalismo e Informação;
História e Fundamentos Epistemológicos da Psicologia;Psicologia e Desenvolvimento Pessoal;
História do Pensamento e Hermenêutica Jurídica;Direito;
História das Ideias Pedagógicas;Educação;
História da Arte;Engenharia, Produção e Construção;
História da Arquitetura e Urbanismo - Idade Média;Engenharia, Produção e Construção;
História da Arquitetura e Urbanismo - Idade Antiga;Engenharia, Produção e Construção;
Histologia e Embriologia Humana;Ciências Naturais;
Hidráulica II;Ciências Naturais;
Hidráulica I;Ciências Naturais;
Hidráulica;Ciências Naturais;
Hidrologia Aplicada;Engenharia, Produção e Construção;
Hematologia Básica;Saúde e Bem-Estar Social;
Handebol;Saúde e Bem-Estar Social;
Ginástica Laboral;Saúde e Bem-Estar Social;
Ginástica Geral;Saúde e Bem-Estar Social;
Ginástica Artística;Saúde e Bem-Estar Social;
Gestão Financeira e Contábil;Administração e Negócios;
Gestão Empresarial e Governança Corporativa;Administração e Negócios;
Gestão e Análise de Custos;Administração e Negócios;
Gestão de Transportes e Armazenagem;Administração e Negócios;
Gestão de Recursos Humanos;Administração e Negócios;
Gestão de Projetos;Administração e Negócios;
Gestão de Processos e Projetos;Administração e Negócios;
Gestão de Manutenção;Administração e Negócios;
Gestão de Investimentos e Mercado Financeiro;Administração e Negócios;
Gestão de Finanças;Administração e Negócios;
Gestão de Estoque e Cadeia de Suprimentos;Administração e Negócios;
Gestão de Custos e Formação de Preços;Administração e Negócios;
Gestão de Custos e Desempenhos Logísticos;Administração e Negócios;
Gestão da Qualidade e Produtividade;Administração e Negócios;
Gestão da Qualidade;Administração e Negócios;
Gestão da Inovação e Tecnologia;Administração e Negócios;
Gestão da Cadeia de Suprimentos;Administração e Negócios;
Gerência e Planejamento de Empresas e Empreendimentos de Construção;Administração e Negócios;
Geopolítica e Relações Internacionais;Ciências Sociais, Jornalismo e Informação;
Geometría Analítica, Álgebra Linear e Cálculo Vetorial;Matemática, Computação e Tecnologias de Informação e Comunicacão;
Geometria Descritiva;Matemática, Computação e Tecnologias de Informação e Comunicacão;
Genética, Evolução e Comportamento Humano;Saúde e Bem-Estar Social;
Físico-Química;Ciências Naturais;
Física: Estática e Dinâmica;Ciências Naturais;
Física: Eletricidade e Eletromagnetismo;Ciências Naturais;
Física: Cinemática e Vetores;Ciências Naturais;
Física Radiológica;Saúde e Bem-Estar Social;
Física;Ciências Naturais;
Futebol;Saúde e Bem-Estar Social;
Fundações;Engenharia, Produção e Construção;
Fundamentos, Metodologias e Práticas de Ensino para Alunos com Deficiência;Educação;
Fundamentos, Metodologias e Práticas de Ensino em Ciências Sociais: História e Geografia;Educação;
Fundamentos, Metodologias e Práticas de Ensino das Ciências Naturais;Educação;
Fundamentos, Metodologias e Práticas de Ensino da Língua Portuguesa;Educação;
Fundamentos, Metodologias e Práticas de Ensino da Educação de Jovens e Adultos;Educação;
Fundamentos, Metodologias e Práticas de Ensino da Alfabetização e Letramento;Educação;
Fundamentos, Metodologias e Práticas das Ciências Exatas: Matemática;Educação;
Fundamentos Históricos, Teóricos e Metodológicos do Serviço Social IV;Saúde e Bem-Estar Social;
Fundamentos Históricos Teóricos - Metodológicos do Serviço Social III;Saúde e Bem-Estar Social;
Fundamentos Históricos Teóricos - Metodológicos do Serviço Social II;Saúde e Bem-Estar Social;
Fundamentos Históricos Teóricos - Metodológicos do Serviço Social I;Saúde e Bem-Estar Social;
Fundamentos de Telecomunicações;Engenharia, Produção e Construção;
Fundamentos da Promoção à Saude Mental e Assistência às Pessoas com Transtornos Mentais;Saúde e Bem-Estar Social;
Fundamentos da Gestão Educacional, Organização e Coordenação do Trabalho Escolar;Educação;
Fundamentos da Farmácia Clínica e atenção farmacêutica;Saúde e Bem-Estar Social;
Fundamentos da Assistência de Enfermagem ao Paciente nas situações de Urgência e Emergência;Saúde e Bem-Estar Social;
Fundamentos da Assistência de Enfermagem ao Paciente Crítico;Saúde e Bem-Estar Social;
Formação Social, Econômica e Política do Brasil;Ciências Sociais, Jornalismo e Informação;
Fisiologia Humana;Saúde e Bem-Estar Social;
Fisiologia do Exercício;Saúde e Bem-Estar Social;
Filosofia e Psicologia Aplicadas ao Direito;Direito;
Filosofia da Educação;Educação;
Fenômenos de Transporte;Ciências Naturais;
Fenomenologia;Psicologia e Desenvolvimento Pessoal;
Fatos e Negócio Jurídico;Direito;
Farmácia: histórico e perspectivas;Saúde e Bem-Estar Social;
Farmacotécnica II;Saúde e Bem-Estar Social;
Farmacotécnica I;Saúde e Bem-Estar Social;
Farmacotécnica;Saúde e Bem-Estar Social;
Farmacologia: Farmacodinâmica;Saúde e Bem-Estar Social;
Farmacologia: Farmacocinética;Saúde e Bem-Estar Social;
Farmacologia;Saúde e Bem-Estar Social;
Farmacognosia e Fitoterapia;Saúde e Bem-Estar Social;
Execução Civil;Direito;
Estética do Projeto;Engenharia, Produção e Construção;
Estática e Mecânica dos Sólidos;Engenharia, Produção e Construção;
Estágio Supervisionado IV em Psicologia - Ênfase;Psicologia e Desenvolvimento Pessoal;
Estágio Supervisionado III em Psicologia - Ênfase;Psicologia e Desenvolvimento Pessoal;
Estágio Supervisionado II em Psicologia - Ênfase;Psicologia e Desenvolvimento Pessoal;
Estágio Supervisionado II;Engenharia, Produção e Construção;
Estágio Supervisionado I em Psicologia - Ênfase;Psicologia e Desenvolvimento Pessoal;
Estágio Supervisionado I;Engenharia, Produção e Construção;
Estágio Supervisionado em Serviço Social III;Saúde e Bem-Estar Social;
Estágio Supervisionado em Serviço Social II;Saúde e Bem-Estar Social;
Estágio Supervisionado em Serviço Social I;Saúde e Bem-Estar Social;
Estágio Supervisionado em Radiologia II;Saúde e Bem-Estar Social;
Estágio Supervisionado em Radiologia I;Saúde e Bem-Estar Social;
Estágio supervisionado em Farmácia VIII;Saúde e Bem-Estar Social;
Estágio supervisionado em Farmácia VII;Saúde e Bem-Estar Social;
Estágio supervisionado em Farmácia VI;Saúde e Bem-Estar Social;
Estágio supervisionado em Farmácia V;Saúde e Bem-Estar Social;
Estágio supervisionado em Farmácia IV;Saúde e Bem-Estar Social;
Estágio supervisionado em Farmácia III;Saúde e Bem-Estar Social;
Estágio supervisionado em Farmácia II;Saúde e Bem-Estar Social;
Estágio supervisionado em Farmácia I;Saúde e Bem-Estar Social;
Estágio Supervisionado em Engenharia da Computação II;Matemática, Computação e Tecnologias de Informação e Comunicacão;
Estágio Supervisionado em Engenharia da Computação I;Matemática, Computação e Tecnologias de Informação e Comunicacão;
Estágio Supervisionado em Eng. Elétrica II;Engenharia, Produção e Construção;
Estágio Supervisionado em Eng. Elétrica I;Engenharia, Produção e Construção;
Estágio Supervisionado em Eng. da Produção II;Engenharia, Produção e Construção;
Estágio Supervisionado em Eng. da Produção I;Engenharia, Produção e Construção;
Estágio Supervisionado em Direito IV;Direito;
Estágio Supervisionado em Direito III;Direito;
Estágio Supervisionado em Direito II;Direito;
Estágio Supervisionado em Direito I;Direito;
Estágio Supervisionado em Biomedicina II;Saúde e Bem-Estar Social;
Estágio Supervisionado em Biomedicina I;Saúde e Bem-Estar Social;
Estágio Supervisionado - Arquitetura;Engenharia, Produção e Construção;
Estágio Curricular Supervisionado no Ensino Fundamental;Educação;
Estágio Curricular Supervisionado na Gestão Educacional;Educação;
Estágio Curricular Supervisionado na EJA;Educação;
Estágio Curricular Supervisionado na Educação Infantil;Educação;
Estágio Curricular Supervisionado IV;Saúde e Bem-Estar Social;
Estágio Curricular Supervisionado III;Saúde e Bem-Estar Social;
Estágio Curricular Supervisionado II;Saúde e Bem-Estar Social;
Estágio Curricular Supervisionado I;Saúde e Bem-Estar Social;
Estágio Curricular Supervisionado em Contabilidade II;Administração e Negócios;
Estágio Curricular Supervisionado em Contabilidade I;Administração e Negócios;
Estágio Curricular Supervisionado em Ambientes Não Escolares;Educação;
Estágio Curricular Supervisionado em Administração II;Administração e Negócios;
Estágio Curricular Supervisionado em Administração I;Administração e Negócios;
Estágio Básico III;Psicologia e Desenvolvimento Pessoal;
Estágio Básico II;Psicologia e Desenvolvimento Pessoal;
Estágio Básico I;Psicologia e Desenvolvimento Pessoal;
Estudos Integradores;Educação;
Estruturas de Pontes;Engenharia, Produção e Construção;
Estruturas de Concreto Armado II;Engenharia, Produção e Construção;
Estruturas de Concreto Armado I;Engenharia, Produção e Construção;
Estruturas de Concreto Armado;Engenharia, Produção e Construção;
Estruturas de Aço e Madeira;Engenharia, Produção e Construção;
Estratégias de Produção;Engenharia, Produção e Construção;
Estratégias Competitivas e Pesquisa de Marketing;Administração e Negócios;
Estradas;Engenharia, Produção e Construção;
Estatística;Matemática, Computação e Tecnologias de Informação e Comunicacão;
Estagio Curricular Supervionados em Serviços de Saúde II;Saúde e Bem-Estar Social;
Estagio Curricular Supervionados em Serviços de Saúde I;Saúde e Bem-Estar Social;
Ergonomia e Antropometria;Saúde e Bem-Estar Social;
Enzimologia e tecnologia das fermentações;Saúde e Bem-Estar Social;
Engenharia Econômica;Engenharia, Produção e Construção;
Engenharia e Usabilidade de Interfaces;Matemática, Computação e Tecnologias de Informação e Comunicacão;
Engenharia e Segurança do Trabalho;Engenharia, Produção e Construção;
Engenharia e Profissão;Engenharia, Produção e Construção;
Engenharia de Software;Matemática, Computação e Tecnologias de Informação e Comunicacão;
Enfermagem no Processo de Envelhecimento;Saúde e Bem-Estar Social;
Enfermagem no Processo das Afecções Clinicas;Saúde e Bem-Estar Social;
Enfermagem no Processo das Afecções Cirúrgicas;Saúde e Bem-Estar Social;
Enfermagem no Contexto Histórico Social e Exercício Profissional da Enfermagem;Saúde e Bem-Estar Social;
Enfermagem no Centro Cirúrgico e Central de Material e Esterelização e Recuperação Pós-Anestésica;Saúde e Bem-Estar Social;
Enfermagem nas Doenças Transmissíveis;Saúde e Bem-Estar Social;
Enfermagem nas Doenças de Notificação Compulsória;Saúde e Bem-Estar Social;
Enfermagem na Saúde do Trabalhador;Saúde e Bem-Estar Social;
Enfermagem na Saúde do Recém-Nascido;Saúde e Bem-Estar Social;
Enfermagem na Saúde da Criança e Adolescente;Saúde e Bem-Estar Social;
Empreendedorismo e Gestão de Serviços;Administração e Negócios;
Empreendedorismo;Administração e Negócios;
Eletrônica de Potência;Engenharia, Produção e Construção;
Eletrônica Analógica II;Engenharia, Produção e Construção;
Eletrônica Analógica I;Engenharia, Produção e Construção;
Eletromagnetismo;Ciências Naturais;
Eletricidade e Eletrotécnica;Engenharia, Produção e Construção;
Elementos de Máquinas;Engenharia, Produção e Construção;
Eficiência Energética;Engenharia, Produção e Construção;
Educação Física Adaptada;Saúde e Bem-Estar Social;
Educação em Direitos Humanos;Educação;
Educação Brasileira: Estrutura e Bases Legais;Educação;
Economia Política e Serviço Social;Ciências Sociais, Jornalismo e Informação;
Economia e Mercado;Ciências Sociais, Jornalismo e Informação;
Diversificação e Aprofundamentos de Estudos - Pesquisa em Educação;Educação;
Diversificação e Aprofundamentos de Estudos - Modalidades da Educação;Educação;
Diversificação e Aprofundamento de Estudos - Ser professor: mapeamento da realidade escolar;Educação;
Diversificação e Aprofundamento de Estudos - Projetos Educacionais;Educação;
Diversificação e Aprofundamento de Estudos - Pesquisa e Prática em Educação;Educação;
Diversificação e Aprofundamento de Estudos - Docência na Contemporaneidade;Educação;
Dispositivos e Circuitos Eletrônicos;Engenharia, Produção e Construção;
Direitos Reais;Direito;
Direitos Humanos;Ciências Sociais, Jornalismo e Informação;
Direito, Informática e Internet;Direito;
Direito Tributário;Direito;
Direito Processual do Trabalho;Direito;
Direito Internacional;Direito;
Direito Eleitoral;Direito;
Direito Econômico e Financeiro;Direito;
Direito e Legislação Social;Direito;
Direito do Consumidor;Direito;
Direito de Família;Direito;
Direito das Sucessões;Direito;
Direito Comercial, Societário e Tributário;Direito;
Direito Ambiental, Difusos e Coletivos;Direito;
Dificuldades de Aprendizagem;Educação;
Didática Geral;Educação;
Didática Aplicada à Pedagogia;Educação;
Didática Aplicada à Educação Física;Saúde e Bem-Estar Social;
Desenvolvimento Pessoal e Empregabilidade;Administração e Negócios;
Desenvolvimento e Aprendizagem Motora;Saúde e Bem-Estar Social;
Desenvolvimento de Recursos Humanos;Administração e Negócios;
Desenho Urbano;Engenharia, Produção e Construção;
Desenho Técnico;Engenharia, Produção e Construção;
Desenho de Elementos Arquitetônicos;Engenharia, Produção e Construção;
Deontologia e legislação Farmacêutica;Saúde e Bem-Estar Social;
Deontologia e Legislação Biomédica;Saúde e Bem-Estar Social;
Densitometria Óssea e Ultrassonografia;Saúde e Bem-Estar Social;
Cálculos Trabalhistas;Administração e Negócios;
Cálculos para Ciências da Saúde;Saúde e Bem-Estar Social;
Cálculo: Integrais;Matemática, Computação e Tecnologias de Informação e Comunicacão;
Cálculo: Funções, Limites e Derivadas;Matemática, Computação e Tecnologias de Informação e Comunicacão;
Cálculo: Derivadas;Matemática, Computação e Tecnologias de Informação e Comunicacão;
Culturas Corporais;Saúde e Bem-Estar Social;
Criminologia;Direito;
Crimes contra o Patrimônio;Direito;
Crimes Contra a Pessoa;Direito;
Crimes contra a Administração Pública;Direito;
Cosmetologia;Saúde e Bem-Estar Social;
Conversão de Energia;Engenharia, Produção e Construção;
Controle e Servomecanismos;Engenharia, Produção e Construção;
Controle e Processamento Digital de Sinais;Engenharia, Produção e Construção;
Controle de Qualidade;Administração e Negócios;
Controladoria;Administração e Negócios;
Contratos Públicos e Responsabilidade do Estado;Administração e Negócios;
Contratos;Administração e Negócios;
Conteúdos de Matemática e Estatística para a Educação;Educação;
Contabilidade Social;Administração e Negócios;
Contabilidade Internacional;Administração e Negócios;
Contabilidade Integral;Administração e Negócios;
Contabilidade Geral e Controladoria;Administração e Negócios;
Contabilidade Geral;Administração e Negócios;
Contabilidade e Planejamento Tributário;Administração e Negócios;
Contabilidade do Agronegócio;Administração e Negócios;
Contabilidade de Custos;Administração e Negócios;
Contabilidade Avançada;Administração e Negócios;
Contabilidade Aplicada;Administração e Negócios;
Conforto Ambiental - Térmica;Engenharia, Produção e Construção;
Conforto Ambiental - Acústico;Engenharia, Produção e Construção;
Condicionamento Físico;Saúde e Bem-Estar Social;
Comércio Exterior e Marketing Internacional;Ciências Sociais, Jornalismo e Informação;
Comércio Exterior e Finanças Internacionais;Administração e Negócios;
Comércio e Logística Internacional;Administração e Negócios;
Comunicação Empresarial;Administração e Negócios;
Computação Gráfica Aplicada a Arquitetura e Urbanismo;Engenharia, Produção e Construção;
Comportamento do Consumidor;Administração e Negócios;
Compiladores;Matemática, Computação e Tecnologias de Informação e Comunicacão;
Ciências Atuariais;Administração e Negócios;
Ciência Política e Teoria Geral do Estado;Ciências Sociais, Jornalismo e Informação;
Ciência e Tecnologia dos Materiais;Engenharia, Produção e Construção;
Ciência de Dados e Big Data;Matemática, Computação e Tecnologias de Informação e Comunicacão;
Citologia Oncótica;Saúde e Bem-Estar Social;
Circuitos Lógicos;Engenharia, Produção e Construção;
Circuitos Elétricos;Engenharia, Produção e Construção;
Cinesiologia;Saúde e Bem-Estar Social;
Cineantropometria;Saúde e Bem-Estar Social;
Cenários Mundiais e Globalização;Ciências Sociais, Jornalismo e Informação;
Cenografia;Engenharia, Produção e Construção;
Brinquedoteca e Ludicidade na Educação;Educação;
Bioquímica Metabólica;Ciências Naturais;
Bioquímica Estrutural;Ciências Naturais;
Bioquímica e Biofisica;Ciências Naturais;
Biomedicina: Histórico e Perspectivas;Saúde e Bem-Estar Social;
Biologia Celular e Genética;Ciências Naturais;
Basquetebol;Saúde e Bem-Estar Social;
Banco de Dados II;Matemática, Computação e Tecnologias de Informação e Comunicacão;
Banco de Dados I;Matemática, Computação e Tecnologias de Informação e Comunicacão;
Banco de Dados;Matemática, Computação e Tecnologias de Informação e Comunicacão;
Ações Educativas na Prática de Enfermagem;Saúde e Bem-Estar Social;
Avaliação Psicológica;Psicologia e Desenvolvimento Pessoal;
Automação Industrial: Processos Discretos;Engenharia, Produção e Construção;
Automação Industrial: Processos Contínuos;Engenharia, Produção e Construção;
Automação Industrial;Engenharia, Produção e Construção;
Auditoria Contábil;Administração e Negócios;
Atletismo;Saúde e Bem-Estar Social;
Atividades Físicas Alternativas;Saúde e Bem-Estar Social;
Atividades Complementares;Administração e Negócios;
Arte e Educação;Educação;
Arquitetura Brasileira;Engenharia, Produção e Construção;
Análises e Tecnologia de Alimentos;Saúde e Bem-Estar Social;
Análises Clínicas - Módulo Parasitologia e Microbiologia;Saúde e Bem-Estar Social;
Análises Clínicas - Módulo Hematologia;Saúde e Bem-Estar Social;
Análises Clínicas - Módulo Bioquímica, Imunologia e Patologia;Saúde e Bem-Estar Social;
Análise experimental: Behaviorismo;Psicologia e Desenvolvimento Pessoal;
Análise de Demonstrações Financeiras e Contábeis;Administração e Negócios;
Análise de Decisão;Administração e Negócios;
Análise de Dados na Pesquisa em Psicologia;Psicologia e Desenvolvimento Pessoal;
Antropologia Social;Ciências Sociais, Jornalismo e Informação;
Antropologia e Sociologia Urbana;Ciências Sociais, Jornalismo e Informação;
Antropologia e Filosofia;Ciências Sociais, Jornalismo e Informação;
Anatomia Radiológica;Saúde e Bem-Estar Social;
Anatomia Humana;Saúde e Bem-Estar Social;
Anatomia Funcional;Saúde e Bem-Estar Social;
Algoritmos e Lógica de Programação;Matemática, Computação e Tecnologias de Informação e Comunicacão;
Algoritmos e Estruturas de Dados;Matemática, Computação e Tecnologias de Informação e Comunicacão;
Administração Pública e do Terceiro Setor;Administração e Negócios;
Administração Financeira e Orçamentária;Administração e Negócios;
Administração e Gestão em Saúde;Administração e Negócios;
Administração de Redes de Computadores;Matemática, Computação e Tecnologias de Informação e Comunicacão;
Administração de Produção, Materiais e Logística;Administração e Negócios;
Administração de Cargos, Salários e Benefícios;Administração e Negócios;
Acompanhamento Terapêutico;Psicologia e Desenvolvimento Pessoal;
Acionamentos Elétricos;Engenharia, Produção e Construção;
Abordagem Sistêmica;Psicologia e Desenvolvimento Pessoal;
